Date,Visitor,G,Home,G,,Att.,LOG,Notes
1991-10-03,New York Rangers,3,Boston Bruins,5,,,,
1991-10-03,Detroit Red Wings,3,Chicago Blackhawks,3,OT,,,
1991-10-03,Toronto Maple Leafs,3,Montreal Canadiens,4,,,,
1991-10-04,Pittsburgh Penguins,5,Buffalo Sabres,4,,,,
1991-10-04,Edmonton Oilers,2,Calgary Flames,9,,,,
1991-10-04,San Jose Sharks,3,Vancouver Canucks,4,,,,
1991-10-04,Los Angeles Kings,6,Winnipeg Jets,3,,,,
1991-10-04,Philadelphia Flyers,2,Washington Capitals,5,,,,
1991-10-05,New York Islanders,4,Boston Bruins,3,,,,
1991-10-05,Chicago Blackhawks,2,Minnesota North Stars,4,,,,
1991-10-05,New York Rangers,2,Montreal Canadiens,1,OT,,,
1991-10-05,St. Louis Blues,2,New Jersey Devils,7,,,,
1991-10-05,Hartford Whalers,2,Quebec Nordiques,4,,,,
1991-10-05,Vancouver Canucks,5,San Jose Sharks,2,,,,
1991-10-05,Detroit Red Wings,5,Toronto Maple Leafs,8,,,,
1991-10-05,Buffalo Sabres,1,Washington Capitals,3,,,,
1991-10-06,New Jersey Devils,4,Chicago Blackhawks,2,,,,
1991-10-06,Los Angeles Kings,2,Edmonton Oilers,2,OT,,,
1991-10-06,Philadelphia Flyers,2,Pittsburgh Penguins,2,OT,,,
1991-10-06,Calgary Flames,3,Winnipeg Jets,5,,,,
1991-10-07,Boston Bruins,1,New York Rangers,2,OT,,,
1991-10-07,St. Louis Blues,0,Toronto Maple Leafs,3,,,,
1991-10-08,Montreal Canadiens,2,Hartford Whalers,2,OT,,,
1991-10-08,Edmonton Oilers,3,Los Angeles Kings,6,,,,
1991-10-08,Quebec Nordiques,5,New Jersey Devils,6,,,,
1991-10-08,Calgary Flames,3,San Jose Sharks,4,,,,
1991-10-08,Vancouver Canucks,3,Winnipeg Jets,2,OT,,,
1991-10-09,Boston Bruins,4,Buffalo Sabres,4,OT,,,
1991-10-09,New York Islanders,3,New York Rangers,5,,,,
1991-10-09,Washington Capitals,5,Toronto Maple Leafs,4,,,,
1991-10-10,Vancouver Canucks,6,Chicago Blackhawks,7,,,,
1991-10-10,Montreal Canadiens,4,Detroit Red Wings,1,,,,
1991-10-10,Calgary Flames,7,Los Angeles Kings,1,,,,
1991-10-10,Quebec Nordiques,2,Minnesota North Stars,3,,,,
1991-10-10,Pittsburgh Penguins,6,Philadelphia Flyers,3,,,,
1991-10-10,Winnipeg Jets,5,San Jose Sharks,4,,,,
1991-10-10,Edmonton Oilers,2,St. Louis Blues,3,OT,,,
1991-10-11,New York Rangers,1,Washington Capitals,5,,,,
1991-10-12,Montreal Canadiens,6,Boston Bruins,0,,,,
1991-10-12,Calgary Flames,1,Edmonton Oilers,3,,,,
1991-10-12,New York Rangers,2,Hartford Whalers,5,,,,
1991-10-12,Winnipeg Jets,3,Los Angeles Kings,3,OT,,,
1991-10-12,Detroit Red Wings,2,Minnesota North Stars,3,,,,
1991-10-12,Pittsburgh Penguins,1,New Jersey Devils,4,,,,
1991-10-12,Philadelphia Flyers,4,New York Islanders,5,,,,
1991-10-12,Buffalo Sabres,5,Quebec Nordiques,4,,,,
1991-10-12,San Jose Sharks,3,St. Louis Blues,6,,,,
1991-10-12,Vancouver Canucks,2,Toronto Maple Leafs,1,,,,
1991-10-12,Chicago Blackhawks,7,Washington Capitals,2,,,,
1991-10-13,Vancouver Canucks,3,Buffalo Sabres,1,,,,
1991-10-13,San Jose Sharks,3,Chicago Blackhawks,7,,,,
1991-10-13,New Jersey Devils,2,Philadelphia Flyers,4,,,,
1991-10-13,New York Islanders,1,Quebec Nordiques,1,OT,,,
1991-10-14,Hartford Whalers,4,Montreal Canadiens,3,,,,
1991-10-14,Washington Capitals,5,New York Rangers,3,,,,
1991-10-15,Minnesota North Stars,3,Calgary Flames,6,,,,
1991-10-15,Edmonton Oilers,1,Detroit Red Wings,3,,,,
1991-10-15,Pittsburgh Penguins,7,New York Islanders,6,OT,,,
1991-10-15,Toronto Maple Leafs,1,St. Louis Blues,5,,,,
1991-10-16,San Jose Sharks,5,Los Angeles Kings,8,,,,
1991-10-16,Buffalo Sabres,1,Montreal Canadiens,5,,,,
1991-10-16,New Jersey Devils,2,New York Rangers,4,,,,
1991-10-16,Hartford Whalers,3,Winnipeg Jets,2,,,,
1991-10-17,Toronto Maple Leafs,4,Calgary Flames,6,,,,
1991-10-17,Edmonton Oilers,2,Chicago Blackhawks,4,,,,
1991-10-17,St. Louis Blues,3,Detroit Red Wings,6,,,,
1991-10-17,Quebec Nordiques,3,Philadelphia Flyers,5,,,,
1991-10-17,New York Islanders,5,Pittsburgh Penguins,8,,,,
1991-10-17,Minnesota North Stars,8,San Jose Sharks,2,,,,
1991-10-17,Boston Bruins,3,Vancouver Canucks,3,OT,,,
1991-10-18,Montreal Canadiens,1,Buffalo Sabres,3,,,,
1991-10-18,New Jersey Devils,5,Washington Capitals,6,,,,
1991-10-19,Buffalo Sabres,1,Hartford Whalers,4,,,,
1991-10-19,Minnesota North Stars,2,Los Angeles Kings,5,,,,
1991-10-19,Washington Capitals,5,New Jersey Devils,1,,,,
1991-10-19,Edmonton Oilers,4,New York Islanders,2,,,,
1991-10-19,Montreal Canadiens,1,Philadelphia Flyers,0,,,,
1991-10-19,New York Rangers,5,Pittsburgh Penguins,4,,,,
1991-10-19,Detroit Red Wings,6,Quebec Nordiques,1,,,,
1991-10-19,Boston Bruins,4,San Jose Sharks,1,,,,
1991-10-19,Chicago Blackhawks,4,St. Louis Blues,4,OT,,,
1991-10-19,Calgary Flames,2,Vancouver Canucks,5,,,,
1991-10-19,Toronto Maple Leafs,2,Winnipeg Jets,4,,,,
1991-10-20,St. Louis Blues,4,Chicago Blackhawks,1,,,,
1991-10-20,Edmonton Oilers,4,New York Rangers,3,,,,
1991-10-21,Toronto Maple Leafs,1,Vancouver Canucks,4,,,,
1991-10-22,Calgary Flames,4,Minnesota North Stars,2,,,,
1991-10-22,Los Angeles Kings,2,New Jersey Devils,5,,,,
1991-10-22,Winnipeg Jets,1,New York Islanders,1,OT,,,
1991-10-22,Chicago Blackhawks,4,Pittsburgh Penguins,4,OT,,,
1991-10-23,Winnipeg Jets,3,Detroit Red Wings,2,,,,
1991-10-23,Washington Capitals,6,Edmonton Oilers,5,,,,
1991-10-23,San Jose Sharks,0,Hartford Whalers,3,,,,
1991-10-23,Quebec Nordiques,2,Montreal Canadiens,3,OT,,,
1991-10-23,Los Angeles Kings,2,New York Rangers,7,,,,
1991-10-24,Calgary Flames,5,Chicago Blackhawks,2,,,,
1991-10-24,Philadelphia Flyers,5,Minnesota North Stars,2,,,,
1991-10-24,New Jersey Devils,4,Pittsburgh Penguins,2,,,,
1991-10-24,Montreal Canadiens,5,Quebec Nordiques,0,,,,
1991-10-24,Boston Bruins,5,St. Louis Blues,6,,,,
1991-10-24,Washington Capitals,1,Vancouver Canucks,3,,,,
1991-10-25,San Jose Sharks,1,Buffalo Sabres,3,,,,
1991-10-25,Toronto Maple Leafs,0,Detroit Red Wings,4,,,,
1991-10-25,Philadelphia Flyers,0,Winnipeg Jets,2,,,,
1991-10-26,Vancouver Canucks,4,Edmonton Oilers,5,,,,
1991-10-26,Chicago Blackhawks,4,Hartford Whalers,2,,,,
1991-10-26,Boston Bruins,0,Minnesota North Stars,4,,,,
1991-10-26,Pittsburgh Penguins,1,Montreal Canadiens,4,,,,
1991-10-26,San Jose Sharks,0,New Jersey Devils,9,,,,
1991-10-26,Los Angeles Kings,4,New York Islanders,2,,,,
1991-10-26,New York Rangers,5,Quebec Nordiques,3,,,,
1991-10-26,Calgary Flames,2,St. Louis Blues,2,OT,,,
1991-10-26,Detroit Red Wings,1,Toronto Maple Leafs,6,,,,
1991-10-27,Hartford Whalers,1,Buffalo Sabres,5,,,,
1991-10-27,Boston Bruins,6,Chicago Blackhawks,3,,,,
1991-10-27,Edmonton Oilers,6,Vancouver Canucks,3,,,,
1991-10-27,Washington Capitals,5,Winnipeg Jets,6,,,,
1991-10-28,Los Angeles Kings,4,Detroit Red Wings,3,,,,
1991-10-28,St. Louis Blues,1,Toronto Maple Leafs,1,OT,,,
1991-10-29,San Jose Sharks,4,New York Islanders,8,,,,
1991-10-29,Minnesota North Stars,2,New York Rangers,3,,,,
1991-10-29,Washington Capitals,8,Pittsburgh Penguins,0,,,,
1991-10-29,Winnipeg Jets,2,Quebec Nordiques,7,,,,
1991-10-29,New Jersey Devils,3,Vancouver Canucks,4,,,,
1991-10-30,New Jersey Devils,5,Calgary Flames,2,,,,
1991-10-30,Buffalo Sabres,1,Detroit Red Wings,3,,,,
1991-10-30,St. Louis Blues,2,Edmonton Oilers,2,OT,,,
1991-10-30,Los Angeles Kings,4,Hartford Whalers,4,OT,,,
1991-10-30,Winnipeg Jets,1,Montreal Canadiens,6,,,,
1991-10-31,Los Angeles Kings,4,Boston Bruins,2,,,,
1991-10-31,New York Islanders,3,Chicago Blackhawks,4,,,,
1991-10-31,Quebec Nordiques,4,New York Rangers,5,,,,
1991-10-31,San Jose Sharks,2,Philadelphia Flyers,5,,,,
1991-10-31,Minnesota North Stars,1,Pittsburgh Penguins,8,,,,
1991-11-01,Montreal Canadiens,5,Buffalo Sabres,1,,,,
1991-11-01,Hartford Whalers,5,Detroit Red Wings,8,,,,
1991-11-01,New Jersey Devils,3,Edmonton Oilers,1,,,,
1991-11-01,St. Louis Blues,3,Vancouver Canucks,2,,,,
1991-11-01,Calgary Flames,7,Winnipeg Jets,6,OT,,,
1991-11-01,Toronto Maple Leafs,0,Washington Capitals,4,,,,
1991-11-02,Detroit Red Wings,1,Boston Bruins,4,,,,
1991-11-02,Chicago Blackhawks,3,Minnesota North Stars,4,,,,
1991-11-02,Buffalo Sabres,0,Montreal Canadiens,5,,,,
1991-11-02,Washington Capitals,7,New York Islanders,4,,,,
1991-11-02,New York Rangers,4,Philadelphia Flyers,2,,,,
1991-11-02,Hartford Whalers,6,Pittsburgh Penguins,5,,,,
1991-11-02,San Jose Sharks,3,Quebec Nordiques,6,,,,
1991-11-02,Los Angeles Kings,5,Toronto Maple Leafs,2,,,,
1991-11-03,Minnesota North Stars,4,Chicago Blackhawks,4,OT,,,
1991-11-03,Edmonton Oilers,2,Vancouver Canucks,7,,,,
1991-11-03,St. Louis Blues,3,Winnipeg Jets,3,OT,,,
1991-11-04,New Jersey Devils,2,Montreal Canadiens,3,OT,,,
1991-11-04,Boston Bruins,4,New York Islanders,6,,,,
1991-11-04,Calgary Flames,0,New York Rangers,4,,,,
1991-11-04,San Jose Sharks,1,Toronto Maple Leafs,4,,,,
1991-11-05,Minnesota North Stars,3,Detroit Red Wings,2,,,,
1991-11-05,Boston Bruins,5,Pittsburgh Penguins,5,OT,,,
1991-11-05,Philadelphia Flyers,4,St. Louis Blues,3,,,,
1991-11-05,Winnipeg Jets,2,Vancouver Canucks,2,OT,,,
1991-11-06,New York Islanders,3,Edmonton Oilers,5,,,,
1991-11-06,Calgary Flames,3,Hartford Whalers,2,,,,
1991-11-06,Montreal Canadiens,4,New York Rangers,1,,,,
1991-11-06,Minnesota North Stars,3,Toronto Maple Leafs,4,,,,
1991-11-07,Calgary Flames,4,Boston Bruins,4,OT,,,
1991-11-07,Quebec Nordiques,2,Chicago Blackhawks,4,,,,
1991-11-07,St. Louis Blues,3,Detroit Red Wings,10,,,,
1991-11-07,Vancouver Canucks,4,Los Angeles Kings,3,,,,
1991-11-07,Buffalo Sabres,2,Philadelphia Flyers,5,,,,
1991-11-08,Philadelphia Flyers,3,Buffalo Sabres,4,OT,,,
1991-11-08,Montreal Canadiens,2,New Jersey Devils,3,,,,
1991-11-08,Toronto Maple Leafs,3,New York Rangers,3,OT,,,
1991-11-08,Edmonton Oilers,2,San Jose Sharks,6,,,,
1991-11-08,Pittsburgh Penguins,3,Winnipeg Jets,1,,,,
1991-11-08,Detroit Red Wings,5,Washington Capitals,4,,,,
1991-11-09,New Jersey Devils,0,Boston Bruins,4,,,,
1991-11-09,Edmonton Oilers,4,Los Angeles Kings,4,OT,,,
1991-11-09,Pittsburgh Penguins,3,Minnesota North Stars,2,,,,
1991-11-09,Chicago Blackhawks,2,Montreal Canadiens,4,,,,
1991-11-09,New York Islanders,3,San Jose Sharks,4,,,,
1991-11-09,Hartford Whalers,4,St. Louis Blues,3,,,,
1991-11-09,Calgary Flames,6,Toronto Maple Leafs,1,,,,
1991-11-10,Hartford Whalers,0,Chicago Blackhawks,3,,,,
1991-11-10,St. Louis Blues,4,Detroit Red Wings,6,,,,
1991-11-10,Washington Capitals,10,Quebec Nordiques,3,,,,
1991-11-10,New York Islanders,0,Vancouver Canucks,6,,,,
1991-11-11,Washington Capitals,4,Montreal Canadiens,2,,,,
1991-11-11,Pittsburgh Penguins,1,New York Rangers,3,,,,
1991-11-11,Los Angeles Kings,2,Winnipeg Jets,6,,,,
1991-11-12,Detroit Red Wings,5,Calgary Flames,4,OT,,,
1991-11-12,Quebec Nordiques,4,Hartford Whalers,5,,,,
1991-11-12,Toronto Maple Leafs,0,Minnesota North Stars,7,,,,
1991-11-12,Philadelphia Flyers,2,New Jersey Devils,5,,,,
1991-11-12,Buffalo Sabres,7,San Jose Sharks,1,,,,
1991-11-12,Los Angeles Kings,2,Vancouver Canucks,8,,,,
1991-11-13,Washington Capitals,5,New York Rangers,3,,,,
1991-11-13,Edmonton Oilers,4,Pittsburgh Penguins,5,OT,,,
1991-11-14,Quebec Nordiques,2,Boston Bruins,5,,,,
1991-11-14,Vancouver Canucks,2,Calgary Flames,2,OT,,,
1991-11-14,Toronto Maple Leafs,0,Chicago Blackhawks,3,,,,
1991-11-14,Montreal Canadiens,2,Hartford Whalers,2,OT,,,
1991-11-14,Buffalo Sabres,2,Los Angeles Kings,2,OT,,,
1991-11-14,New York Islanders,4,New Jersey Devils,3,,,,
1991-11-14,Edmonton Oilers,1,Philadelphia Flyers,3,,,,
1991-11-14,Detroit Red Wings,3,San Jose Sharks,3,OT,,,
1991-11-14,Winnipeg Jets,1,St. Louis Blues,2,OT,,,
1991-11-15,Pittsburgh Penguins,2,Washington Capitals,6,,,,
1991-11-16,Buffalo Sabres,5,Calgary Flames,4,,,,
1991-11-16,Boston Bruins,5,Hartford Whalers,4,OT,,,
1991-11-16,Detroit Red Wings,5,Los Angeles Kings,3,,,,
1991-11-16,Philadelphia Flyers,3,Montreal Canadiens,1,,,,
1991-11-16,Winnipeg Jets,1,New Jersey Devils,0,,,,
1991-11-16,New York Rangers,2,New York Islanders,4,,,,
1991-11-16,Edmonton Oilers,6,Quebec Nordiques,2,,,,
1991-11-16,Minnesota North Stars,3,St. Louis Blues,5,,,,
1991-11-16,Chicago Blackhawks,2,Toronto Maple Leafs,2,OT,,,
1991-11-16,San Jose Sharks,0,Vancouver Canucks,1,,,,
1991-11-17,St. Louis Blues,1,Chicago Blackhawks,5,,,,
1991-11-17,Winnipeg Jets,2,Philadelphia Flyers,1,,,,
1991-11-17,Hartford Whalers,3,Toronto Maple Leafs,1,,,,
1991-11-18,Edmonton Oilers,0,Montreal Canadiens,1,,,,
1991-11-18,Pittsburgh Penguins,7,Quebec Nordiques,3,,,,
1991-11-19,Chicago Blackhawks,1,Detroit Red Wings,4,,,,
1991-11-19,New York Islanders,7,Minnesota North Stars,4,,,,
1991-11-19,Los Angeles Kings,3,San Jose Sharks,2,OT,,,
1991-11-19,New York Rangers,4,Vancouver Canucks,3,,,,
1991-11-20,Boston Bruins,1,Buffalo Sabres,3,,,,
1991-11-20,Washington Capitals,5,New Jersey Devils,6,OT,,,
1991-11-20,Philadelphia Flyers,2,Pittsburgh Penguins,5,,,,
1991-11-20,Toronto Maple Leafs,2,St. Louis Blues,5,,,,
1991-11-20,New York Islanders,1,Winnipeg Jets,3,,,,
1991-11-21,Vancouver Canucks,2,Calgary Flames,3,,,,
1991-11-21,New York Rangers,1,Los Angeles Kings,6,,,,
1991-11-21,Montreal Canadiens,2,Quebec Nordiques,5,,,,
1991-11-22,Chicago Blackhawks,0,Buffalo Sabres,2,,,,
1991-11-22,Minnesota North Stars,3,Detroit Red Wings,4,,,,
1991-11-22,Hartford Whalers,2,New Jersey Devils,8,,,,
1991-11-22,Toronto Maple Leafs,3,San Jose Sharks,1,,,,
1991-11-22,Calgary Flames,5,Vancouver Canucks,6,OT,,,
1991-11-22,Boston Bruins,3,Washington Capitals,6,,,,
1991-11-23,Buffalo Sabres,4,Boston Bruins,7,,,,
1991-11-23,Winnipeg Jets,4,Edmonton Oilers,0,,,,
1991-11-23,Washington Capitals,3,Hartford Whalers,2,,,,
1991-11-23,San Jose Sharks,4,Los Angeles Kings,6,,,,
1991-11-23,Detroit Red Wings,2,Minnesota North Stars,2,OT,,,
1991-11-23,Quebec Nordiques,3,Montreal Canadiens,5,,,,
1991-11-23,New Jersey Devils,5,Philadelphia Flyers,5,OT,,,
1991-11-23,New York Islanders,2,Pittsburgh Penguins,2,OT,,,
1991-11-23,New York Rangers,3,St. Louis Blues,0,,,,
1991-11-25,Winnipeg Jets,3,Calgary Flames,3,OT,,,
1991-11-25,Washington Capitals,4,Detroit Red Wings,5,,,,
1991-11-25,Boston Bruins,3,Montreal Canadiens,4,,,,
1991-11-25,Hartford Whalers,2,Quebec Nordiques,5,,,,
1991-11-26,Toronto Maple Leafs,4,Los Angeles Kings,4,OT,,,
1991-11-26,Vancouver Canucks,1,San Jose Sharks,4,,,,
1991-11-27,Quebec Nordiques,4,Buffalo Sabres,4,OT,,,
1991-11-27,Chicago Blackhawks,2,Edmonton Oilers,6,,,,
1991-11-27,Boston Bruins,3,New York Islanders,2,,,,
1991-11-27,Hartford Whalers,7,Philadelphia Flyers,3,,,,
1991-11-27,New Jersey Devils,4,Pittsburgh Penguins,8,,,,
1991-11-27,New York Rangers,2,Winnipeg Jets,3,,,,
1991-11-27,Montreal Canadiens,1,Washington Capitals,3,,,,
1991-11-28,Los Angeles Kings,3,Calgary Flames,5,,,,
1991-11-28,Quebec Nordiques,2,St. Louis Blues,5,,,,
1991-11-29,Montreal Canadiens,4,Boston Bruins,5,OT,,,
1991-11-29,New York Rangers,5,Buffalo Sabres,4,OT,,,
1991-11-29,San Jose Sharks,4,Edmonton Oilers,4,OT,,,
1991-11-29,Toronto Maple Leafs,3,Minnesota North Stars,2,,,,
1991-11-29,Pittsburgh Penguins,9,Philadelphia Flyers,3,,,,
1991-11-29,Chicago Blackhawks,2,Vancouver Canucks,5,,,,
1991-11-29,New York Islanders,3,Washington Capitals,2,,,,
1991-11-30,San Jose Sharks,2,Calgary Flames,1,,,,
1991-11-30,Montreal Canadiens,2,Hartford Whalers,3,,,,
1991-11-30,New Jersey Devils,4,Los Angeles Kings,1,,,,
1991-11-30,Washington Capitals,1,New York Islanders,8,,,,
1991-11-30,Philadelphia Flyers,1,Pittsburgh Penguins,5,,,,
1991-11-30,Buffalo Sabres,3,Quebec Nordiques,4,,,,
1991-11-30,Detroit Red Wings,3,St. Louis Blues,7,,,,
1991-11-30,Minnesota North Stars,4,Toronto Maple Leafs,3,,,,
1991-12-01,Hartford Whalers,4,Boston Bruins,5,,,,
1991-12-01,Vancouver Canucks,0,Edmonton Oilers,7,,,,
1991-12-01,Chicago Blackhawks,2,Winnipeg Jets,3,OT,,,
1991-12-02,Philadelphia Flyers,2,New York Rangers,4,,,,
1991-12-03,Calgary Flames,2,Detroit Red Wings,5,,,,
1991-12-03,Pittsburgh Penguins,3,Edmonton Oilers,5,,,,
1991-12-03,St. Louis Blues,3,Minnesota North Stars,3,OT,,,
1991-12-03,Vancouver Canucks,0,Quebec Nordiques,3,,,,
1991-12-03,Los Angeles Kings,2,San Jose Sharks,3,OT,,,
1991-12-04,Toronto Maple Leafs,3,Hartford Whalers,0,,,,
1991-12-04,St. Louis Blues,2,Minnesota North Stars,5,,,,
1991-12-04,Vancouver Canucks,3,Montreal Canadiens,0,,,,
1991-12-04,Buffalo Sabres,4,Winnipeg Jets,5,,,,
1991-12-05,Quebec Nordiques,2,Boston Bruins,2,OT,,,
1991-12-05,Los Angeles Kings,2,Chicago Blackhawks,6,,,,
1991-12-05,Calgary Flames,3,New Jersey Devils,6,,,,
1991-12-05,Montreal Canadiens,5,New York Islanders,4,OT,,,
1991-12-05,Washington Capitals,6,Philadelphia Flyers,3,,,,
1991-12-05,Pittsburgh Penguins,8,San Jose Sharks,0,,,,
1991-12-06,New York Rangers,5,Detroit Red Wings,6,OT,,,
1991-12-06,Edmonton Oilers,4,Winnipeg Jets,4,OT,,,
1991-12-07,Philadelphia Flyers,5,Boston Bruins,3,,,,
1991-12-07,Buffalo Sabres,6,Hartford Whalers,6,OT,,,
1991-12-07,Washington Capitals,4,Minnesota North Stars,2,,,,
1991-12-07,Calgary Flames,1,Montreal Canadiens,5,,,,
1991-12-07,Detroit Red Wings,2,New Jersey Devils,2,OT,,,
1991-12-07,Chicago Blackhawks,5,New York Islanders,2,,,,
1991-12-07,Los Angeles Kings,5,Quebec Nordiques,7,,,,
1991-12-07,Pittsburgh Penguins,1,St. Louis Blues,6,,,,
1991-12-07,Vancouver Canucks,3,Toronto Maple Leafs,6,,,,
1991-12-08,Calgary Flames,4,Buffalo Sabres,2,,,,
1991-12-08,Minnesota North Stars,2,Chicago Blackhawks,7,,,,
1991-12-08,San Jose Sharks,1,Edmonton Oilers,3,,,,
1991-12-08,Boston Bruins,0,New York Rangers,4,,,,
1991-12-08,New Jersey Devils,2,Philadelphia Flyers,2,OT,,,
1991-12-08,Washington Capitals,3,Winnipeg Jets,4,,,,
1991-12-09,Montreal Canadiens,4,Toronto Maple Leafs,1,,,,
1991-12-10,Chicago Blackhawks,3,Detroit Red Wings,5,,,,
1991-12-10,New Jersey Devils,3,Minnesota North Stars,4,,,,
1991-12-10,St. Louis Blues,7,New York Islanders,7,OT,,,
1991-12-10,New York Rangers,3,Pittsburgh Penguins,5,,,,
1991-12-10,Boston Bruins,2,Quebec Nordiques,5,,,,
1991-12-10,Winnipeg Jets,3,San Jose Sharks,3,OT,,,
1991-12-10,Edmonton Oilers,7,Vancouver Canucks,4,,,,
1991-12-10,Calgary Flames,1,Washington Capitals,4,,,,
1991-12-11,St. Louis Blues,6,Buffalo Sabres,3,,,,
1991-12-11,New York Islanders,5,Toronto Maple Leafs,4,,,,
1991-12-12,Montreal Canadiens,2,Boston Bruins,5,,,,
1991-12-12,Quebec Nordiques,1,Detroit Red Wings,4,,,,
1991-12-12,Winnipeg Jets,1,Los Angeles Kings,2,,,,
1991-12-12,Toronto Maple Leafs,1,Philadelphia Flyers,1,OT,,,
1991-12-12,Edmonton Oilers,3,San Jose Sharks,6,,,,
1991-12-12,Minnesota North Stars,5,Vancouver Canucks,7,,,,
1991-12-13,Hartford Whalers,8,Buffalo Sabres,4,,,,
1991-12-13,Pittsburgh Penguins,4,New Jersey Devils,3,,,,
1991-12-13,New York Rangers,5,Washington Capitals,3,,,,
1991-12-14,Toronto Maple Leafs,3,Boston Bruins,4,,,,
1991-12-14,Detroit Red Wings,4,Calgary Flames,3,OT,,,
1991-12-14,Winnipeg Jets,5,Edmonton Oilers,7,,,,
1991-12-14,New York Rangers,6,Hartford Whalers,2,,,,
1991-12-14,Vancouver Canucks,4,Los Angeles Kings,4,OT,,,
1991-12-14,Buffalo Sabres,2,Montreal Canadiens,4,,,,
1991-12-14,New Jersey Devils,3,New York Islanders,3,OT,,,
1991-12-14,Chicago Blackhawks,1,Philadelphia Flyers,1,OT,,,
1991-12-14,Washington Capitals,7,Pittsburgh Penguins,2,,,,
1991-12-14,St. Louis Blues,4,Quebec Nordiques,2,,,,
1991-12-14,Minnesota North Stars,3,San Jose Sharks,2,,,,
1991-12-15,Philadelphia Flyers,4,Chicago Blackhawks,4,OT,,,
1991-12-15,Detroit Red Wings,4,Edmonton Oilers,1,,,,
1991-12-16,St. Louis Blues,2,Montreal Canadiens,4,,,,
1991-12-16,San Jose Sharks,3,New York Rangers,4,OT,,,
1991-12-17,Winnipeg Jets,4,Calgary Flames,7,,,,
1991-12-17,New York Islanders,4,Hartford Whalers,2,,,,
1991-12-17,Minnesota North Stars,2,Los Angeles Kings,1,,,,
1991-12-17,San Jose Sharks,2,Pittsburgh Penguins,10,,,,
1991-12-17,Detroit Red Wings,1,Vancouver Canucks,2,,,,
1991-12-17,Quebec Nordiques,1,Washington Capitals,3,,,,
1991-12-18,Washington Capitals,2,Buffalo Sabres,2,OT,,,
1991-12-18,Philadelphia Flyers,3,New York Rangers,6,,,,
1991-12-18,Edmonton Oilers,7,Toronto Maple Leafs,5,,,,
1991-12-19,Pittsburgh Penguins,6,Boston Bruins,4,,,,
1991-12-19,Quebec Nordiques,5,Calgary Flames,5,OT,,,
1991-12-19,Montreal Canadiens,4,Chicago Blackhawks,6,,,,
1991-12-19,New Jersey Devils,4,Hartford Whalers,1,,,,
1991-12-19,New York Islanders,2,Philadelphia Flyers,6,,,,
1991-12-19,San Jose Sharks,0,St. Louis Blues,4,,,,
1991-12-19,Winnipeg Jets,1,Vancouver Canucks,3,,,,
1991-12-20,Edmonton Oilers,4,Buffalo Sabres,4,OT,,,
1991-12-20,Toronto Maple Leafs,3,Washington Capitals,4,,,,
1991-12-21,Edmonton Oilers,3,Boston Bruins,6,,,,
1991-12-21,Detroit Red Wings,5,Los Angeles Kings,2,,,,
1991-12-21,Philadelphia Flyers,3,Minnesota North Stars,0,,,,
1991-12-21,Hartford Whalers,2,Montreal Canadiens,3,OT,,,
1991-12-21,Chicago Blackhawks,1,New Jersey Devils,1,OT,,,
1991-12-21,New York Rangers,7,Pittsburgh Penguins,5,,,,
1991-12-21,Quebec Nordiques,1,San Jose Sharks,4,,,,
1991-12-21,New York Islanders,2,St. Louis Blues,6,,,,
1991-12-21,Buffalo Sabres,4,Toronto Maple Leafs,1,,,,
1991-12-21,Calgary Flames,2,Winnipeg Jets,7,,,,
1991-12-22,St. Louis Blues,2,Chicago Blackhawks,5,,,,
1991-12-22,Boston Bruins,2,Montreal Canadiens,3,,,,
1991-12-22,Washington Capitals,3,Philadelphia Flyers,4,OT,,,
1991-12-22,Quebec Nordiques,6,Vancouver Canucks,6,OT,,,
1991-12-23,Calgary Flames,3,Edmonton Oilers,5,,,,
1991-12-23,Buffalo Sabres,3,Hartford Whalers,4,,,,
1991-12-23,Pittsburgh Penguins,6,New York Islanders,3,,,,
1991-12-23,New Jersey Devils,0,New York Rangers,3,,,,
1991-12-23,Winnipeg Jets,1,Toronto Maple Leafs,3,,,,
1991-12-26,Hartford Whalers,2,Boston Bruins,3,,,,
1991-12-26,San Jose Sharks,3,Los Angeles Kings,5,,,,
1991-12-26,New Jersey Devils,5,New York Islanders,5,OT,,,
1991-12-26,Toronto Maple Leafs,1,Pittsburgh Penguins,12,,,,
1991-12-26,Montreal Canadiens,4,Quebec Nordiques,1,,,,
1991-12-26,Chicago Blackhawks,1,St. Louis Blues,3,,,,
1991-12-26,Minnesota North Stars,3,Winnipeg Jets,2,,,,
1991-12-26,New York Rangers,8,Washington Capitals,6,,,,
1991-12-27,Boston Bruins,1,Buffalo Sabres,8,,,,
1991-12-27,Winnipeg Jets,3,Chicago Blackhawks,3,OT,,,
1991-12-27,Philadelphia Flyers,1,Vancouver Canucks,1,OT,,,
1991-12-28,Philadelphia Flyers,1,Calgary Flames,5,,,,
1991-12-28,Los Angeles Kings,9,Edmonton Oilers,4,,,,
1991-12-28,St. Louis Blues,2,Minnesota North Stars,5,,,,
1991-12-28,Buffalo Sabres,0,New Jersey Devils,3,,,,
1991-12-28,New York Rangers,4,New York Islanders,5,,,,
1991-12-28,Hartford Whalers,1,Quebec Nordiques,4,,,,
1991-12-28,Vancouver Canucks,3,San Jose Sharks,2,,,,
1991-12-28,Detroit Red Wings,5,Toronto Maple Leafs,4,,,,
1991-12-28,Pittsburgh Penguins,6,Washington Capitals,2,,,,
1991-12-29,Los Angeles Kings,2,Calgary Flames,6,,,,
1991-12-29,Detroit Red Wings,6,Chicago Blackhawks,4,,,,
1991-12-29,Montreal Canadiens,3,Edmonton Oilers,1,,,,
1991-12-29,New York Islanders,4,Hartford Whalers,6,,,,
1991-12-29,Washington Capitals,4,New Jersey Devils,3,,,,
1991-12-29,Pittsburgh Penguins,6,New York Rangers,3,,,,
1991-12-29,Boston Bruins,6,Winnipeg Jets,3,,,,
1991-12-30,Toronto Maple Leafs,2,Quebec Nordiques,5,,,,
1991-12-31,St. Louis Blues,3,Buffalo Sabres,4,,,,
1991-12-31,Montreal Canadiens,2,Calgary Flames,3,OT,,,
1991-12-31,Boston Bruins,5,Detroit Red Wings,3,,,,
1991-12-31,Vancouver Canucks,5,Los Angeles Kings,3,,,,
1991-12-31,Chicago Blackhawks,2,Minnesota North Stars,6,,,,
1991-12-31,New Jersey Devils,7,Pittsburgh Penguins,4,,,,
1991-12-31,New York Rangers,5,Winnipeg Jets,2,,,,
1992-01-01,New York Islanders,5,Washington Capitals,8,,,,
1992-01-02,Winnipeg Jets,3,Boston Bruins,1,,,,
1992-01-02,New York Rangers,4,Chicago Blackhawks,3,,,,
1992-01-02,Quebec Nordiques,1,Hartford Whalers,4,,,,
1992-01-02,Edmonton Oilers,3,Los Angeles Kings,5,,,,
1992-01-02,Pittsburgh Penguins,0,New Jersey Devils,4,,,,
1992-01-02,Minnesota North Stars,1,St. Louis Blues,6,,,,
1992-01-03,New York Islanders,2,Buffalo Sabres,5,,,,
1992-01-03,Toronto Maple Leafs,4,Detroit Red Wings,6,,,,
1992-01-03,Philadelphia Flyers,1,San Jose Sharks,3,,,,
1992-01-03,Vancouver Canucks,3,Washington Capitals,3,OT,,,
1992-01-04,Buffalo Sabres,2,Boston Bruins,4,,,,
1992-01-04,Edmonton Oilers,3,Calgary Flames,2,,,,
1992-01-04,Washington Capitals,2,Hartford Whalers,2,OT,,,
1992-01-04,Philadelphia Flyers,3,Los Angeles Kings,7,,,,
1992-01-04,Vancouver Canucks,3,Minnesota North Stars,4,,,,
1992-01-04,New York Rangers,4,New Jersey Devils,6,,,,
1992-01-04,Quebec Nordiques,2,New York Islanders,5,,,,
1992-01-04,Winnipeg Jets,2,Pittsburgh Penguins,3,,,,
1992-01-04,Montreal Canadiens,1,San Jose Sharks,0,OT,,,
1992-01-04,Detroit Red Wings,6,St. Louis Blues,2,,,,
1992-01-04,Chicago Blackhawks,4,Toronto Maple Leafs,2,,,,
1992-01-05,Minnesota North Stars,2,Chicago Blackhawks,5,,,,
1992-01-05,Calgary Flames,3,Edmonton Oilers,2,,,,
1992-01-06,Winnipeg Jets,2,New York Rangers,4,,,,
1992-01-06,St. Louis Blues,2,Toronto Maple Leafs,3,OT,,,
1992-01-07,New York Islanders,5,Detroit Red Wings,2,,,,
1992-01-07,Buffalo Sabres,5,Philadelphia Flyers,5,OT,,,
1992-01-07,Los Angeles Kings,5,Pittsburgh Penguins,2,,,,
1992-01-07,San Jose Sharks,1,Vancouver Canucks,4,,,,
1992-01-07,Minnesota North Stars,5,Washington Capitals,3,,,,
1992-01-08,Quebec Nordiques,2,Buffalo Sabres,4,,,,
1992-01-08,San Jose Sharks,3,Calgary Flames,10,,,,
1992-01-08,Boston Bruins,2,Montreal Canadiens,3,,,,
1992-01-08,St. Louis Blues,5,New York Rangers,3,,,,
1992-01-08,Edmonton Oilers,2,Winnipeg Jets,5,,,,
1992-01-09,Quebec Nordiques,4,Boston Bruins,5,,,,
1992-01-09,Toronto Maple Leafs,0,Chicago Blackhawks,2,,,,
1992-01-09,Minnesota North Stars,4,Detroit Red Wings,9,,,,
1992-01-09,St. Louis Blues,3,New Jersey Devils,4,,,,
1992-01-09,Hartford Whalers,1,New York Islanders,2,,,,
1992-01-09,Los Angeles Kings,2,Philadelphia Flyers,5,,,,
1992-01-10,Edmonton Oilers,2,Buffalo Sabres,8,,,,
1992-01-10,Pittsburgh Penguins,5,Calgary Flames,7,,,,
1992-01-10,Chicago Blackhawks,2,Winnipeg Jets,6,,,,
1992-01-10,Los Angeles Kings,4,Washington Capitals,7,,,,
1992-01-11,Philadelphia Flyers,1,Boston Bruins,5,,,,
1992-01-11,Edmonton Oilers,5,Detroit Red Wings,5,OT,,,
1992-01-11,San Jose Sharks,4,Minnesota North Stars,7,,,,
1992-01-11,Hartford Whalers,2,Montreal Canadiens,3,,,,
1992-01-11,Toronto Maple Leafs,4,New Jersey Devils,3,,,,
1992-01-11,St. Louis Blues,6,New York Islanders,3,,,,
1992-01-11,New York Rangers,7,Quebec Nordiques,2,,,,
1992-01-12,New York Rangers,3,Buffalo Sabres,6,,,,
1992-01-12,Washington Capitals,2,Chicago Blackhawks,4,,,,
1992-01-12,Los Angeles Kings,2,New Jersey Devils,5,,,,
1992-01-12,New York Islanders,3,Philadelphia Flyers,4,,,,
1992-01-12,Pittsburgh Penguins,4,Vancouver Canucks,3,,,,
1992-01-12,San Jose Sharks,4,Winnipeg Jets,3,,,,
1992-01-13,Edmonton Oilers,7,Minnesota North Stars,4,,,,
1992-01-13,Calgary Flames,2,Montreal Canadiens,2,OT,,,
1992-01-14,San Jose Sharks,3,Los Angeles Kings,3,OT,,,
1992-01-14,Detroit Red Wings,2,New York Islanders,6,,,,
1992-01-14,Buffalo Sabres,2,New York Rangers,6,,,,
1992-01-14,Chicago Blackhawks,1,Philadelphia Flyers,1,OT,,,
1992-01-14,Calgary Flames,5,Quebec Nordiques,3,,,,
1992-01-14,Washington Capitals,6,St. Louis Blues,1,,,,
1992-01-14,Vancouver Canucks,4,Winnipeg Jets,2,,,,
1992-01-15,Vancouver Canucks,5,Edmonton Oilers,3,,,,
1992-01-15,Boston Bruins,4,Hartford Whalers,3,,,,
1992-01-15,Montreal Canadiens,2,Minnesota North Stars,5,,,,
1992-01-15,Buffalo Sabres,8,New Jersey Devils,8,OT,,,
1992-01-16,Hartford Whalers,3,Boston Bruins,4,OT,,,
1992-01-16,Toronto Maple Leafs,0,Chicago Blackhawks,4,,,,
1992-01-16,Pittsburgh Penguins,3,Detroit Red Wings,3,OT,,,
1992-01-16,Washington Capitals,2,Los Angeles Kings,2,OT,,,
1992-01-16,Philadelphia Flyers,3,New York Islanders,4,,,,
1992-01-16,Calgary Flames,4,New York Rangers,6,,,,
1992-01-16,Montreal Canadiens,6,St. Louis Blues,6,OT,,,
1992-01-21,Philadelphia Flyers,3,Detroit Red Wings,7,,,,
1992-01-21,San Jose Sharks,2,Edmonton Oilers,9,,,,
1992-01-21,Winnipeg Jets,3,Hartford Whalers,3,OT,,,
1992-01-21,Vancouver Canucks,5,Quebec Nordiques,3,,,,
1992-01-21,Buffalo Sabres,4,St. Louis Blues,5,,,,
1992-01-22,New York Rangers,4,Calgary Flames,4,OT,,,
1992-01-22,Los Angeles Kings,3,Minnesota North Stars,3,OT,,,
1992-01-22,Boston Bruins,5,Toronto Maple Leafs,2,,,,
1992-01-23,Montreal Canadiens,3,Boston Bruins,1,,,,
1992-01-23,Quebec Nordiques,2,Chicago Blackhawks,4,,,,
1992-01-23,Vancouver Canucks,3,Detroit Red Wings,1,,,,
1992-01-23,New York Rangers,3,Edmonton Oilers,1,,,,
1992-01-23,Toronto Maple Leafs,4,New York Islanders,3,,,,
1992-01-23,Winnipeg Jets,1,Philadelphia Flyers,0,,,,
1992-01-23,Buffalo Sabres,5,Pittsburgh Penguins,4,OT,,,
1992-01-23,Los Angeles Kings,6,St. Louis Blues,5,,,,
1992-01-24,Calgary Flames,3,San Jose Sharks,2,,,,
1992-01-24,New Jersey Devils,5,Washington Capitals,2,,,,
1992-01-25,Boston Bruins,4,Hartford Whalers,4,OT,,,
1992-01-25,Calgary Flames,3,Los Angeles Kings,4,,,,
1992-01-25,Chicago Blackhawks,2,Minnesota North Stars,0,,,,
1992-01-25,Buffalo Sabres,4,Montreal Canadiens,3,,,,
1992-01-25,Detroit Red Wings,7,New Jersey Devils,0,,,,
1992-01-25,Pittsburgh Penguins,5,New York Islanders,3,,,,
1992-01-25,Winnipeg Jets,1,Quebec Nordiques,2,,,,
1992-01-25,Edmonton Oilers,2,San Jose Sharks,5,,,,
1992-01-25,Vancouver Canucks,1,St. Louis Blues,0,OT,,,
1992-01-25,Philadelphia Flyers,4,Toronto Maple Leafs,6,,,,
1992-01-26,Winnipeg Jets,2,Buffalo Sabres,5,,,,
1992-01-26,Hartford Whalers,1,Montreal Canadiens,3,,,,
1992-01-26,Pittsburgh Penguins,4,Washington Capitals,6,,,,
1992-01-27,Minnesota North Stars,2,Boston Bruins,3,,,,
1992-01-27,Chicago Blackhawks,4,Calgary Flames,3,OT,,,
1992-01-28,Minnesota North Stars,4,Hartford Whalers,3,,,,
1992-01-28,St. Louis Blues,3,Los Angeles Kings,3,OT,,,
1992-01-28,Washington Capitals,2,Philadelphia Flyers,3,,,,
1992-01-28,Winnipeg Jets,4,Pittsburgh Penguins,0,,,,
1992-01-28,Boston Bruins,4,Quebec Nordiques,2,,,,
1992-01-28,New York Rangers,4,San Jose Sharks,2,,,,
1992-01-28,Edmonton Oilers,5,Vancouver Canucks,3,,,,
1992-01-29,Buffalo Sabres,4,Detroit Red Wings,4,OT,,,
1992-01-29,Chicago Blackhawks,4,Edmonton Oilers,3,,,,
1992-01-29,New Jersey Devils,4,Montreal Canadiens,3,,,,
1992-01-29,Quebec Nordiques,2,Toronto Maple Leafs,5,,,,
1992-01-30,Calgary Flames,1,Boston Bruins,3,,,,
1992-01-30,New York Rangers,4,Los Angeles Kings,1,,,,
1992-01-30,Minnesota North Stars,3,Philadelphia Flyers,5,,,,
1992-01-30,New York Islanders,8,Pittsburgh Penguins,5,,,,
1992-01-30,St. Louis Blues,4,San Jose Sharks,2,,,,
1992-01-30,Chicago Blackhawks,1,Vancouver Canucks,4,,,,
1992-01-31,Montreal Canadiens,3,Buffalo Sabres,5,,,,
1992-01-31,New Jersey Devils,6,Detroit Red Wings,3,,,,
1992-01-31,Hartford Whalers,1,Edmonton Oilers,4,,,,
1992-01-31,Quebec Nordiques,4,Winnipeg Jets,4,OT,,,
1992-02-01,Buffalo Sabres,2,Boston Bruins,2,OT,,,
1992-02-01,Chicago Blackhawks,0,Los Angeles Kings,2,,,,
1992-02-01,New York Rangers,2,Minnesota North Stars,1,,,,
1992-02-01,Detroit Red Wings,3,Montreal Canadiens,4,OT,,,
1992-02-01,Philadelphia Flyers,5,New York Islanders,5,OT,,,
1992-02-01,St. Louis Blues,1,Pittsburgh Penguins,4,,,,
1992-02-01,New Jersey Devils,4,Toronto Maple Leafs,6,,,,
1992-02-01,Hartford Whalers,4,Vancouver Canucks,4,OT,,,
1992-02-01,Calgary Flames,2,Washington Capitals,5,,,,
1992-02-02,Quebec Nordiques,2,Edmonton Oilers,8,,,,
1992-02-02,Calgary Flames,3,New York Islanders,6,,,,
1992-02-02,St. Louis Blues,1,Philadelphia Flyers,5,,,,
1992-02-02,San Jose Sharks,0,Winnipeg Jets,6,,,,
1992-02-03,Toronto Maple Leafs,2,Minnesota North Stars,4,,,,
1992-02-03,Detroit Red Wings,4,Pittsburgh Penguins,4,OT,,,
1992-02-04,Washington Capitals,3,Buffalo Sabres,7,,,,
1992-02-04,New York Islanders,2,Los Angeles Kings,1,,,,
1992-02-04,Philadelphia Flyers,1,New Jersey Devils,3,,,,
1992-02-04,Hartford Whalers,5,San Jose Sharks,6,,,,
1992-02-04,Montreal Canadiens,3,Vancouver Canucks,5,,,,
1992-02-04,Boston Bruins,3,Winnipeg Jets,3,OT,,,
1992-02-05,Quebec Nordiques,3,Calgary Flames,5,,,,
1992-02-05,Washington Capitals,1,Detroit Red Wings,4,,,,
1992-02-05,Montreal Canadiens,1,Edmonton Oilers,2,,,,
1992-02-05,Pittsburgh Penguins,3,New York Rangers,4,,,,
1992-02-05,Chicago Blackhawks,2,San Jose Sharks,5,,,,
1992-02-05,Minnesota North Stars,2,Toronto Maple Leafs,3,OT,,,
1992-02-06,Hartford Whalers,5,Los Angeles Kings,5,OT,,,
1992-02-06,Boston Bruins,1,Philadelphia Flyers,5,,,,
1992-02-06,New Jersey Devils,1,St. Louis Blues,4,,,,
1992-02-06,New York Islanders,5,Vancouver Canucks,4,OT,,,
1992-02-07,Minnesota North Stars,2,Buffalo Sabres,0,,,,
1992-02-07,Toronto Maple Leafs,4,Detroit Red Wings,3,,,,
1992-02-07,New York Islanders,2,Edmonton Oilers,4,,,,
1992-02-07,Calgary Flames,1,Winnipeg Jets,4,,,,
1992-02-07,New York Rangers,2,Washington Capitals,6,,,,
1992-02-08,New Jersey Devils,6,Boston Bruins,4,,,,
1992-02-08,Los Angeles Kings,4,Pittsburgh Penguins,3,,,,
1992-02-08,Philadelphia Flyers,3,Quebec Nordiques,0,,,,
1992-02-08,Chicago Blackhawks,3,St. Louis Blues,1,,,,
1992-02-08,Montreal Canadiens,4,Toronto Maple Leafs,6,,,,
1992-02-09,Pittsburgh Penguins,3,Boston Bruins,6,,,,
1992-02-09,Los Angeles Kings,5,Buffalo Sabres,4,,,,
1992-02-09,Minnesota North Stars,4,Hartford Whalers,4,OT,,,
1992-02-09,Detroit Red Wings,5,New York Rangers,5,OT,,,
1992-02-09,New Jersey Devils,2,Quebec Nordiques,1,,,,
1992-02-09,San Jose Sharks,2,Washington Capitals,6,,,,
1992-02-10,Vancouver Canucks,3,Montreal Canadiens,8,,,,
1992-02-11,New York Islanders,3,Calgary Flames,1,,,,
1992-02-11,Buffalo Sabres,1,Hartford Whalers,5,,,,
1992-02-11,Edmonton Oilers,5,Minnesota North Stars,4,,,,
1992-02-11,Washington Capitals,4,Quebec Nordiques,3,,,,
1992-02-11,Los Angeles Kings,2,St. Louis Blues,3,,,,
1992-02-11,Detroit Red Wings,3,Toronto Maple Leafs,4,,,,
1992-02-12,Detroit Red Wings,9,Buffalo Sabres,4,,,,
1992-02-12,San Jose Sharks,1,Montreal Canadiens,6,,,,
1992-02-12,Vancouver Canucks,2,New York Rangers,5,,,,
1992-02-13,Washington Capitals,4,Calgary Flames,4,OT,,,
1992-02-13,Los Angeles Kings,2,Chicago Blackhawks,2,OT,,,
1992-02-13,Edmonton Oilers,3,Hartford Whalers,1,,,,
1992-02-13,Winnipeg Jets,1,Minnesota North Stars,6,,,,
1992-02-13,Vancouver Canucks,3,New Jersey Devils,5,,,,
1992-02-13,Quebec Nordiques,2,Philadelphia Flyers,3,,,,
1992-02-13,Boston Bruins,0,St. Louis Blues,4,,,,
1992-02-14,San Jose Sharks,6,Buffalo Sabres,7,,,,
1992-02-14,New York Islanders,2,New York Rangers,9,,,,
1992-02-15,San Jose Sharks,1,Detroit Red Wings,11,,,,
1992-02-15,Washington Capitals,3,Los Angeles Kings,6,,,,
1992-02-15,Pittsburgh Penguins,2,Minnesota North Stars,5,,,,
1992-02-15,Quebec Nordiques,4,Montreal Canadiens,4,OT,,,
1992-02-15,Hartford Whalers,1,New Jersey Devils,4,,,,
1992-02-15,Vancouver Canucks,1,New York Islanders,3,,,,
1992-02-15,Edmonton Oilers,5,Philadelphia Flyers,8,,,,
1992-02-15,Calgary Flames,2,St. Louis Blues,7,,,,
1992-02-15,Winnipeg Jets,3,Toronto Maple Leafs,1,,,,
1992-02-16,Hartford Whalers,4,Buffalo Sabres,5,,,,
1992-02-16,Calgary Flames,5,Chicago Blackhawks,5,OT,,,
1992-02-16,New York Rangers,2,New Jersey Devils,4,,,,
1992-02-16,Pittsburgh Penguins,3,Philadelphia Flyers,3,OT,,,
1992-02-16,Edmonton Oilers,5,Toronto Maple Leafs,7,,,,
1992-02-17,St. Louis Blues,3,Detroit Red Wings,5,,,,
1992-02-17,Boston Bruins,3,Los Angeles Kings,6,,,,
1992-02-17,Minnesota North Stars,0,Montreal Canadiens,8,,,,
1992-02-17,Winnipeg Jets,4,New York Islanders,5,OT,,,
1992-02-17,Vancouver Canucks,3,New York Rangers,3,OT,,,
1992-02-18,Philadelphia Flyers,3,New Jersey Devils,4,OT,,,
1992-02-18,Toronto Maple Leafs,1,Pittsburgh Penguins,7,,,,
1992-02-18,Minnesota North Stars,0,Quebec Nordiques,4,,,,
1992-02-18,Washington Capitals,4,San Jose Sharks,2,,,,
1992-02-19,Boston Bruins,4,Calgary Flames,6,,,,
1992-02-19,Los Angeles Kings,3,Edmonton Oilers,4,,,,
1992-02-19,Montreal Canadiens,2,Hartford Whalers,2,OT,,,
1992-02-19,Buffalo Sabres,5,Vancouver Canucks,6,,,,
1992-02-19,St. Louis Blues,4,Winnipeg Jets,3,,,,
1992-02-20,New Jersey Devils,4,Chicago Blackhawks,4,OT,,,
1992-02-20,Toronto Maple Leafs,2,Detroit Red Wings,3,,,,
1992-02-20,New York Rangers,2,New York Islanders,6,,,,
1992-02-20,Quebec Nordiques,4,Pittsburgh Penguins,4,OT,,,
1992-02-21,Los Angeles Kings,7,Calgary Flames,9,,,,
1992-02-21,Boston Bruins,5,Edmonton Oilers,3,,,,
1992-02-21,Minnesota North Stars,4,New York Rangers,5,,,,
1992-02-21,Vancouver Canucks,5,San Jose Sharks,3,,,,
1992-02-21,New Jersey Devils,4,Winnipeg Jets,6,,,,
1992-02-22,Chicago Blackhawks,1,Detroit Red Wings,2,,,,
1992-02-22,Quebec Nordiques,0,Hartford Whalers,4,,,,
1992-02-22,Pittsburgh Penguins,1,Montreal Canadiens,2,,,,
1992-02-22,Minnesota North Stars,1,New York Islanders,2,,,,
1992-02-22,Toronto Maple Leafs,3,St. Louis Blues,4,,,,
1992-02-22,Philadelphia Flyers,5,Washington Capitals,7,,,,
1992-02-23,St. Louis Blues,2,Chicago Blackhawks,4,,,,
1992-02-23,Buffalo Sabres,2,Edmonton Oilers,5,,,,
1992-02-23,Detroit Red Wings,4,Hartford Whalers,0,,,,
1992-02-23,Quebec Nordiques,3,Montreal Canadiens,3,OT,,,
1992-02-23,Washington Capitals,4,New York Islanders,1,,,,
1992-02-23,Philadelphia Flyers,1,New York Rangers,2,OT,,,
1992-02-23,Calgary Flames,4,San Jose Sharks,2,,,,
1992-02-23,Boston Bruins,1,Vancouver Canucks,2,OT,,,
1992-02-23,Los Angeles Kings,4,Winnipeg Jets,2,,,,
1992-02-24,Minnesota North Stars,3,New Jersey Devils,1,,,,
1992-02-25,Buffalo Sabres,5,Calgary Flames,3,,,,
1992-02-25,St. Louis Blues,5,Hartford Whalers,2,,,,
1992-02-25,Chicago Blackhawks,1,New York Rangers,4,,,,
1992-02-25,New York Islanders,1,Philadelphia Flyers,4,,,,
1992-02-25,New Jersey Devils,5,Toronto Maple Leafs,5,OT,,,
1992-02-25,Los Angeles Kings,4,Vancouver Canucks,3,,,,
1992-02-25,Pittsburgh Penguins,3,Washington Capitals,5,,,,
1992-02-26,Winnipeg Jets,1,Edmonton Oilers,6,,,,
1992-02-26,Montreal Canadiens,4,Minnesota North Stars,1,,,,
1992-02-26,Quebec Nordiques,4,San Jose Sharks,7,,,,
1992-02-27,Toronto Maple Leafs,2,Boston Bruins,4,,,,
1992-02-27,Philadelphia Flyers,3,Calgary Flames,0,,,,
1992-02-27,Detroit Red Wings,2,Chicago Blackhawks,4,,,,
1992-02-27,Quebec Nordiques,2,Los Angeles Kings,4,,,,
1992-02-27,Hartford Whalers,8,Pittsburgh Penguins,4,,,,
1992-02-27,Washington Capitals,3,St. Louis Blues,7,,,,
1992-02-28,Philadelphia Flyers,2,Edmonton Oilers,4,,,,
1992-02-28,New York Islanders,3,New Jersey Devils,2,OT,,,
1992-02-28,Montreal Canadiens,3,San Jose Sharks,3,OT,,,
1992-02-28,Winnipeg Jets,3,Vancouver Canucks,5,,,,
1992-02-29,Washington Capitals,5,Boston Bruins,5,OT,,,
1992-02-29,Montreal Canadiens,3,Los Angeles Kings,5,,,,
1992-02-29,Hartford Whalers,5,Minnesota North Stars,4,OT,,,
1992-02-29,New Jersey Devils,3,New York Islanders,1,,,,
1992-02-29,Buffalo Sabres,2,Pittsburgh Penguins,5,,,,
1992-02-29,Detroit Red Wings,3,St. Louis Blues,2,,,,
1992-02-29,Chicago Blackhawks,5,Toronto Maple Leafs,6,OT,,,
1992-03-01,Chicago Blackhawks,3,Buffalo Sabres,1,,,,
1992-03-01,Hartford Whalers,4,New York Rangers,9,,,,
1992-03-01,Philadelphia Flyers,1,San Jose Sharks,0,,,,
1992-03-01,Minnesota North Stars,2,Toronto Maple Leafs,6,,,,
1992-03-01,Calgary Flames,0,Vancouver Canucks,11,,,,
1992-03-01,Edmonton Oilers,4,Winnipeg Jets,2,,,,
1992-03-01,Boston Bruins,4,Washington Capitals,1,,,,
1992-03-02,New York Rangers,7,New Jersey Devils,1,,,,
1992-03-02,St. Louis Blues,5,Vancouver Canucks,3,,,,
1992-03-03,Pittsburgh Penguins,6,Calgary Flames,3,,,,
1992-03-03,Winnipeg Jets,4,Detroit Red Wings,3,,,,
1992-03-03,Boston Bruins,0,Hartford Whalers,4,,,,
1992-03-03,Philadelphia Flyers,1,Los Angeles Kings,4,,,,
1992-03-03,Montreal Canadiens,4,New York Islanders,3,,,,
1992-03-03,Buffalo Sabres,4,Quebec Nordiques,4,OT,,,
1992-03-03,Minnesota North Stars,3,Washington Capitals,1,,,,
1992-03-04,Toronto Maple Leafs,5,Edmonton Oilers,2,,,,
1992-03-04,New Jersey Devils,5,New York Rangers,4,,,,
1992-03-04,Los Angeles Kings,4,San Jose Sharks,3,,,,
1992-03-05,Vancouver Canucks,2,Boston Bruins,2,OT,,,
1992-03-05,Toronto Maple Leafs,5,Calgary Flames,5,OT,,,
1992-03-05,New York Islanders,4,Chicago Blackhawks,4,OT,,,
1992-03-05,Minnesota North Stars,4,Detroit Red Wings,2,,,,
1992-03-05,Quebec Nordiques,10,Hartford Whalers,4,,,,
1992-03-06,New Jersey Devils,4,Buffalo Sabres,5,,,,
1992-03-06,St. Louis Blues,3,Edmonton Oilers,5,,,,
1992-03-06,Pittsburgh Penguins,7,San Jose Sharks,3,,,,
1992-03-06,Winnipeg Jets,3,Washington Capitals,3,OT,,,
1992-03-07,Chicago Blackhawks,2,Boston Bruins,1,,,,
1992-03-07,St. Louis Blues,1,Calgary Flames,5,,,,
1992-03-07,Vancouver Canucks,5,Hartford Whalers,1,,,,
1992-03-07,Pittsburgh Penguins,3,Los Angeles Kings,5,,,,
1992-03-07,New York Islanders,2,Montreal Canadiens,8,,,,
1992-03-07,New York Rangers,4,Philadelphia Flyers,5,,,,
1992-03-07,Detroit Red Wings,4,Quebec Nordiques,4,OT,,,
1992-03-07,New Jersey Devils,2,Washington Capitals,3,OT,,,
1992-03-08,New York Islanders,6,Buffalo Sabres,2,,,,
1992-03-08,Boston Bruins,0,Chicago Blackhawks,4,,,,
1992-03-08,Winnipeg Jets,2,Minnesota North Stars,4,,,,
1992-03-08,Detroit Red Wings,1,Montreal Canadiens,4,,,,
1992-03-08,Vancouver Canucks,7,Philadelphia Flyers,3,,,,
1992-03-08,Toronto Maple Leafs,1,San Jose Sharks,4,,,,
1992-03-09,Toronto Maple Leafs,1,Los Angeles Kings,4,,,,
1992-03-09,Washington Capitals,5,New York Rangers,2,,,,
1992-03-09,Hartford Whalers,0,Quebec Nordiques,2,,,,
1992-03-10,San Jose Sharks,1,Chicago Blackhawks,5,,,,
1992-03-10,Philadelphia Flyers,2,New York Islanders,5,,,,
1992-03-10,Calgary Flames,2,Pittsburgh Penguins,5,,,,
1992-03-10,Minnesota North Stars,2,St. Louis Blues,5,,,,
1992-03-11,Boston Bruins,3,Buffalo Sabres,6,,,,
1992-03-11,New Jersey Devils,2,Edmonton Oilers,2,OT,,,
1992-03-11,Los Angeles Kings,0,Hartford Whalers,4,,,,
1992-03-11,Toronto Maple Leafs,3,Minnesota North Stars,0,,,,
1992-03-11,Chicago Blackhawks,1,New York Rangers,7,,,,
1992-03-11,Montreal Canadiens,4,Quebec Nordiques,5,,,,
1992-03-11,San Jose Sharks,0,Winnipeg Jets,3,,,,
1992-03-12,Calgary Flames,4,Philadelphia Flyers,5,OT,,,
1992-03-12,New York Islanders,4,Pittsburgh Penguins,6,,,,
1992-03-12,Detroit Red Wings,5,St. Louis Blues,4,,,,
1992-03-12,New Jersey Devils,1,Vancouver Canucks,2,,,,
1992-03-13,Hartford Whalers,1,Winnipeg Jets,0,,,,
1992-03-14,Vancouver Canucks,6,Calgary Flames,4,,,,
1992-03-14,Hartford Whalers,1,Edmonton Oilers,3,,,,
1992-03-14,Detroit Red Wings,1,Minnesota North Stars,4,,,,
1992-03-14,Los Angeles Kings,2,Montreal Canadiens,5,,,,
1992-03-14,Buffalo Sabres,1,New York Islanders,4,,,,
1992-03-14,Washington Capitals,1,Philadelphia Flyers,3,,,,
1992-03-14,Boston Bruins,5,Quebec Nordiques,4,OT,,,
1992-03-14,New Jersey Devils,2,San Jose Sharks,3,,,,
1992-03-14,New York Rangers,6,St. Louis Blues,0,,,,
1992-03-14,Pittsburgh Penguins,3,Toronto Maple Leafs,6,,,,
1992-03-15,Los Angeles Kings,1,Boston Bruins,5,,,,
1992-03-15,Quebec Nordiques,4,Buffalo Sabres,6,,,,
1992-03-15,Pittsburgh Penguins,4,Chicago Blackhawks,3,,,,
1992-03-15,Detroit Red Wings,1,Winnipeg Jets,1,OT,,,
1992-03-15,New York Islanders,2,Washington Capitals,5,,,,
1992-03-16,Hartford Whalers,4,Calgary Flames,3,,,,
1992-03-16,Montreal Canadiens,1,New York Rangers,4,,,,
1992-03-17,Winnipeg Jets,4,Los Angeles Kings,5,,,,
1992-03-17,Buffalo Sabres,1,Minnesota North Stars,3,,,,
1992-03-17,Edmonton Oilers,5,Pittsburgh Penguins,6,,,,
1992-03-17,Detroit Red Wings,5,San Jose Sharks,4,,,,
1992-03-17,Quebec Nordiques,3,Toronto Maple Leafs,4,OT,,,
1992-03-17,St. Louis Blues,4,Washington Capitals,6,,,,
1992-03-18,Philadelphia Flyers,4,Montreal Canadiens,3,,,,
1992-03-18,New York Islanders,1,New York Rangers,1,OT,,,
1992-03-18,Hartford Whalers,2,Vancouver Canucks,3,,,,
1992-03-19,St. Louis Blues,4,Boston Bruins,1,,,,
1992-03-19,San Jose Sharks,1,Calgary Flames,3,,,,
1992-03-19,Minnesota North Stars,1,Chicago Blackhawks,4,,,,
1992-03-19,Buffalo Sabres,8,Los Angeles Kings,2,,,,
1992-03-19,Edmonton Oilers,5,New Jersey Devils,3,,,,
1992-03-19,Quebec Nordiques,3,Pittsburgh Penguins,6,,,,
1992-03-20,New York Rangers,4,Detroit Red Wings,2,,,,
1992-03-20,Winnipeg Jets,2,Vancouver Canucks,2,OT,,,
1992-03-20,Philadelphia Flyers,7,Washington Capitals,6,,,,
1992-03-21,Edmonton Oilers,4,Boston Bruins,3,,,,
1992-03-21,San Jose Sharks,5,Hartford Whalers,4,,,,
1992-03-21,Calgary Flames,2,Los Angeles Kings,5,,,,
1992-03-21,St. Louis Blues,3,Montreal Canadiens,3,OT,,,
1992-03-21,New York Islanders,2,New Jersey Devils,2,OT,,,
1992-03-21,Minnesota North Stars,2,Quebec Nordiques,4,,,,
1992-03-21,Chicago Blackhawks,3,Toronto Maple Leafs,1,,,,
1992-03-22,Buffalo Sabres,6,Chicago Blackhawks,2,,,,
1992-03-22,Pittsburgh Penguins,2,Hartford Whalers,2,OT,,,
1992-03-22,New Jersey Devils,3,New York Rangers,6,,,,
1992-03-22,Detroit Red Wings,3,Philadelphia Flyers,4,,,,
1992-03-22,Vancouver Canucks,1,Winnipeg Jets,5,,,,
1992-03-22,Edmonton Oilers,2,Washington Capitals,6,,,,
1992-03-23,San Jose Sharks,6,Boston Bruins,7,,,,
1992-03-23,St. Louis Blues,2,Toronto Maple Leafs,3,,,,
1992-03-24,Edmonton Oilers,4,Calgary Flames,4,OT,,,
1992-03-24,Pittsburgh Penguins,3,Detroit Red Wings,4,,,,
1992-03-24,Vancouver Canucks,4,Minnesota North Stars,2,,,,
1992-03-24,San Jose Sharks,3,New Jersey Devils,4,,,,
1992-03-24,New York Rangers,4,Philadelphia Flyers,3,,,,
1992-03-24,New York Islanders,2,Quebec Nordiques,5,,,,
1992-03-24,Hartford Whalers,8,Washington Capitals,2,,,,
1992-03-25,Toronto Maple Leafs,2,Buffalo Sabres,5,,,,
1992-03-25,Philadelphia Flyers,1,New York Rangers,4,,,,
1992-03-25,Montreal Canadiens,2,Winnipeg Jets,2,OT,,,
1992-03-26,Los Angeles Kings,2,Calgary Flames,7,,,,
1992-03-26,Boston Bruins,2,New Jersey Devils,4,,,,
1992-03-26,San Jose Sharks,4,New York Islanders,7,,,,
1992-03-26,Vancouver Canucks,3,Pittsburgh Penguins,7,,,,
1992-03-26,Chicago Blackhawks,5,Quebec Nordiques,4,OT,,,
1992-03-26,Hartford Whalers,2,St. Louis Blues,7,,,,
1992-03-27,Minnesota North Stars,3,Edmonton Oilers,5,,,,
1992-03-27,Los Angeles Kings,4,Winnipeg Jets,6,,,,
1992-03-27,Montreal Canadiens,3,Washington Capitals,4,,,,
1992-03-28,Buffalo Sabres,3,Boston Bruins,4,OT,,,
1992-03-28,Minnesota North Stars,3,Calgary Flames,4,,,,
1992-03-28,Vancouver Canucks,1,Detroit Red Wings,3,,,,
1992-03-28,Chicago Blackhawks,3,Hartford Whalers,1,,,,
1992-03-28,Quebec Nordiques,2,New Jersey Devils,5,,,,
1992-03-28,New York Rangers,1,New York Islanders,4,,,,
1992-03-28,Montreal Canadiens,3,Pittsburgh Penguins,6,,,,
1992-03-28,Toronto Maple Leafs,3,St. Louis Blues,2,,,,
1992-03-29,Hartford Whalers,2,Buffalo Sabres,2,OT,,,
1992-03-29,Toronto Maple Leafs,1,Chicago Blackhawks,5,,,,
1992-03-29,Los Angeles Kings,2,Edmonton Oilers,2,OT,,,
1992-03-29,Detroit Red Wings,6,New York Islanders,2,,,,
1992-03-29,New Jersey Devils,4,Philadelphia Flyers,5,,,,
1992-03-29,San Jose Sharks,5,Winnipeg Jets,6,,,,
1992-03-29,Vancouver Canucks,4,Washington Capitals,7,,,,
1992-03-31,Edmonton Oilers,2,Calgary Flames,5,,,,
1992-03-31,Chicago Blackhawks,3,Detroit Red Wings,3,OT,,,
1992-03-31,Buffalo Sabres,3,Minnesota North Stars,5,,,,
1992-03-31,Philadelphia Flyers,5,Pittsburgh Penguins,6,,,,
1992-03-31,Boston Bruins,5,Quebec Nordiques,4,OT,,,
1992-04-12,Quebec Nordiques,1,Boston Bruins,1,OT,,,
1992-04-12,Montreal Canadiens,1,Buffalo Sabres,3,,,,
1992-04-12,Winnipeg Jets,4,Calgary Flames,3,,,,
1992-04-12,Detroit Red Wings,2,Chicago Blackhawks,1,,,,
1992-04-12,San Jose Sharks,4,Edmonton Oilers,6,,,,
1992-04-12,Philadelphia Flyers,2,Hartford Whalers,4,,,,
1992-04-12,St. Louis Blues,1,Minnesota North Stars,1,OT,,,
1992-04-12,Washington Capitals,4,New Jersey Devils,3,OT,,,
1992-04-12,New York Islanders,6,Toronto Maple Leafs,2,,,,
1992-04-12,Los Angeles Kings,6,Vancouver Canucks,1,,,,
1992-04-13,Hartford Whalers,3,Boston Bruins,6,,,,
1992-04-13,Pittsburgh Penguins,1,New Jersey Devils,5,,,,
1992-04-13,Toronto Maple Leafs,2,Philadelphia Flyers,6,,,,
1992-04-13,New York Islanders,1,Washington Capitals,1,OT,,,
1992-04-14,Winnipeg Jets,6,Edmonton Oilers,2,,,,
1992-04-14,Vancouver Canucks,3,Los Angeles Kings,2,,,,
1992-04-14,Detroit Red Wings,7,Minnesota North Stars,4,,,,
1992-04-14,Buffalo Sabres,3,Quebec Nordiques,7,,,,
1992-04-14,Chicago Blackhawks,3,St. Louis Blues,5,,,,
1992-04-15,Quebec Nordiques,4,Buffalo Sabres,3,,,,
1992-04-15,Boston Bruins,4,Montreal Canadiens,4,OT,,,
1992-04-15,New Jersey Devils,0,New York Islanders,7,,,,
1992-04-15,Hartford Whalers,4,Philadelphia Flyers,3,OT,,,
1992-04-15,Washington Capitals,1,Pittsburgh Penguins,4,,,,
1992-04-15,Calgary Flames,4,San Jose Sharks,3,,,,
1992-04-15,New York Rangers,2,Toronto Maple Leafs,4,,,,
1992-04-16,Pittsburgh Penguins,1,New York Rangers,7,,,,
1992-04-16,Winnipeg Jets,5,San Jose Sharks,3,,,,
1992-04-16,Minnesota North Stars,3,St. Louis Blues,5,,,,
1992-04-16,Calgary Flames,4,Vancouver Canucks,4,OT,,,
